Image ,Name
none,001
https://drive.google.com/open?id=1VVeQSlz-CEJAhI_y06zNNiLNgpMDwQrD,002
https://drive.google.com/open?id=1ZzW9tyIkK_6_Nn6JKahNQw8mk4ntoHrA,003
https://drive.google.com/open?id=1I_worfj6VXM9sVaJzxTefY667ujNRsFE,004
https://drive.google.com/open?id=1XQ8Y4VcH1ND1T_Y9-zFpHkVCh1tb4mXI,005
none,006
none,007
none,008
none,009
none,010
none,011
none,012
none,013
https://drive.google.com/open?id=1wD6rc3A8TQhWvNRfdVaCjfLb8E5228Vc,014
none,015
https://drive.google.com/open?id=1DVH6ZkoxH47tfCIywoIxczICd7q3L8q7,016
none,017
https://drive.google.com/open?id=1AdAPil1TUUJ4SjNR0S73rgIOlch0zh2v,018
https://drive.google.com/open?id=1X-UfikWHW_elvXL-0pVzx65gm_tAf_jV,019
https://drive.google.com/open?id=1Pmdf18FGSNtRcESwOoSIcFWJJCZqYsYE,020
https://drive.google.com/open?id=12t7rB82NTs72VprfbdXJWOnLlJ0mLuQH,021
https://drive.google.com/open?id=1ISzRpPaG627fPKmG10ayzDoGaF2Xl2wO,022
https://drive.google.com/open?id=18qsMCrl0VA57zaD8EKBPzlSMRlYvTdv9,023
https://drive.google.com/open?id=144J3oqp3K3_fsqJcHZ9drirEDgWM82P8,024
https://drive.google.com/open?id=1esWgklyynsScijsYc62hpvpGrfUJvgCI,025
https://drive.google.com/open?id=1hreWZRleZOL0fIjYwMk6CHtPjAvaEGhn,026
https://drive.google.com/open?id=1sVq3nga6urv2JQPFyoJEAeXm2oZo1wTV,027
https://drive.google.com/open?id=1YoN0WKv1J5g6aYYiJuIFTobYAqshp2BU,028
none,029
https://drive.google.com/open?id=1rE4gSlOHvcLNYjhBUw7c-afssrouBLh0,030
https://drive.google.com/open?id=1slQ6hg3QXxDaxxBEaYNwht5Iajmm4KDg,031
https://drive.google.com/open?id=1XAQoIIPeVXN32HVrjwWkqHEk0O0lrF7I,032
https://drive.google.com/open?id=1_oAr8KPok_LJmWspUXd0R116rbXP3Iyh,033
https://drive.google.com/open?id=1pseR3vbhIjf6ub8jNpSQDWpzZskEqtr_,034
https://drive.google.com/open?id=13YAP6fgvkBvMzCbgKDyXn3Jk9-aXwVY-,035
https://drive.google.com/open?id=19CATTSHK2wR9tJ5YIVY9JnXRiIZ30_nH,036
https://drive.google.com/open?id=1oKuHWusvUI-TXTtrNWlFmVDVafu9z28S,037
https://drive.google.com/open?id=1MBgzuIIU5pib30dLoNahsZTf49YhsDB8,038
https://drive.google.com/open?id=1y_SgsnlnRsEO1mai58cnz_ZYSPJvZkZ_,039
https://drive.google.com/open?id=1v071rVZyvXtNU8xLdakiHMIzwW-Ck4Nz,040
https://drive.google.com/open?id=1YabtX43bMfSdYRf8mqWtSrudoe3VP_aI,041
https://drive.google.com/open?id=1mLHbvuDjfUO6FPqBeywegSrO0nx1xhmv,042
none,043
none,044
none,045
none,046
none,047
none,048
https://drive.google.com/open?id=1tVqZnBj1lHl315Ys_jCKggsKqjO_FjQp,049
https://drive.google.com/open?id=1koZGfvWnX39teRdnuOnu4y7MbUWNlMFO,050
https://drive.google.com/open?id=1Sur3fB-tLjzza2JBSAeXX9XXVFkHRKfX,051
https://drive.google.com/open?id=1Gh3iEp4hMs9nB8HvIBMCtkyV2H7Y4VWL,052
none,053
none,054
https://drive.google.com/open?id=155UkhnZMC_4fhcfbsq3rIcZTUSaR7EmX,055
none,056
https://drive.google.com/open?id=1lYkTW4pOlYYCQZsfUGHqUW4HV5PM5HZM,057
https://drive.google.com/open?id=1JnRtONUf-2EG61ajmGsvFn7rrLekZhGq,058
https://drive.google.com/open?id=1MYSYgdN1YHPX9Tu3YXnsXUpu6Py7TTxK,059
https://drive.google.com/open?id=1MoLXtmeNXz7BojSYfGGOUm6BAcFuRCnR,060
https://drive.google.com/open?id=1f-atlXdL_b5scKzFuQsPlZShIHzpMD1S,061
https://drive.google.com/open?id=1U14lV6dHtDAkfI0nO9FvF0C-dhKkKvy5,062
https://drive.google.com/open?id=17eDJMpQJL3yxBT-yj3vnE_CMdheWLsig,063
https://drive.google.com/open?id=18Hf9ck-zCUDVCh2ZgHEouEeVZTbA0AbF,064
https://drive.google.com/open?id=1paT27kW_18rVfOxCMLtb5-iZikp7uDw7,065
https://drive.google.com/open?id=1_WaxhGcQll8NMMVQtKYblKB5nWEdr2Qx,066
https://drive.google.com/open?id=1A548Vb98GnXYldWuGnrgiLdlCovT9d6k,067
none,068
https://drive.google.com/open?id=1Fu7Ed_cxrSbDa1ntJxp9yp74ulQvr8z6,069
none,070
none,071
https://drive.google.com/open?id=1BqAcBTeogd_aBHpVFNJHmrEkHbgLRxz_,072
none,073
https://drive.google.com/open?id=1FQEVVavxvRx7uDCq8p7MLvaDRWR4z6Xk,074
https://drive.google.com/open?id=1Qy20NIBX5ryLGOhlGHMfoIoIeD6RaKUn,075
https://drive.google.com/open?id=1CKI9RQm8_ZU6DUmm7PzbI6HbxA9N8qNA,076
https://drive.google.com/open?id=13o0xUhyIDDUhnAXZQqfAugN4C5JQWqQi,077
https://drive.google.com/open?id=1ToX6uu7k0wkviuNK_9g6US4a2_H5IzzW,078
https://drive.google.com/open?id=108RF95YSsm0DLN_P0Q0CVh2YoaG8jEzE,079
https://drive.google.com/open?id=1DVvPeOLjvZ1Qfd5xYuHRe0SaGoIdrOFK,080
https://drive.google.com/open?id=108k3M1AHj6Y3mZEGTuSkFcjjhNNp0--g,081
https://drive.google.com/open?id=1GPlgG7GwVGWTDUmkakxE-LbOJsJNdeRb,082
https://drive.google.com/open?id=1BnX7D5N2oPXgKLqp5BLjdry5JOphEUOq,083
https://drive.google.com/open?id=1vhEq3Ro1Bho5_38h2NbF5ZCshqNcWhB_,084
https://drive.google.com/open?id=1rlSi_FtDVHNfyg2xXmq_SwDHLqJArNU9,085
https://drive.google.com/open?id=1nC8vzIuE5xqQYJswz07n62jIiPqdGauy,086
https://drive.google.com/open?id=1jkl3GXB7k83JnJpS4qC29db85VICWRCo,087
https://drive.google.com/open?id=1dSrtWaqFTjscN5kNKl41H0STF9edKfeO,088
https://drive.google.com/open?id=16cxKuThaeJzX011II2HBA5IYiKze_-3n,089
https://drive.google.com/open?id=130Bk31QhRbI9zdtVkJcLh7yACejHFnsg,090
https://drive.google.com/open?id=1AFqkbOGB2J8DHol8a-u343fwhPXOdvWR,091
https://drive.google.com/open?id=1vtc0JyNV2qtOBZ_LMymb1qYJEATT1SYg,092
https://drive.google.com/open?id=1E4lb_B36JZ6z7LKq89s2Ga0-GJDztwQk,093
https://drive.google.com/open?id=1hSyxT8X7g6wAnnhMuD3drWlEIfBbIJtw,094
https://drive.google.com/open?id=1mEo7Ol69J2bwVLpSRRTPn3qQ-a4KQ-v1,095
https://drive.google.com/open?id=19f0t4dtXGW9EUd0xKkc1kfPkGThHYYnh,096
none,097
none,098
https://drive.google.com/open?id=1-BA6XMHyq6dIqRPSbk-P8yAhSIEYRIVK,099
https://drive.google.com/open?id=1uRRRBmhSnaMPzHHHguQ-9BaADIChHx8F,100
https://drive.google.com/open?id=1EkKFF_7edpCyap0JJWe-bk3-1j8PtmhS,101
https://drive.google.com/open?id=1llP0jxo-WJRWgb29eVFM4hrdUvVxGpwX,102
https://drive.google.com/open?id=1MOqvZ5BBu5_MmO8bD0U2M_1geKzK7HZK,103
none,104
https://drive.google.com/open?id=1s-NFfr0SibH_sIjDNdr8qP-1XlMK3kxP,105
https://drive.google.com/open?id=1VcpX8yJsqIxyDQ91LADDg8GGuq4OpboP,106
https://drive.google.com/open?id=1pYBbu3wFYsxDD3VHh7cwm7r8SImk0lnv,107
none,108
https://drive.google.com/open?id=1I3nKFU90vgilVwHTuh4hcOmd_ZHiyx1A,109
https://drive.google.com/open?id=1pKaK7UE3UfjmOEtXCPGFiCgpeirrbhT5,110
https://drive.google.com/open?id=1nc8G07C_7TqutB_96RptVzc6I8UUQKco,111
none,112
https://drive.google.com/open?id=1qzVi1ZiYbY8KP1oT-YOpCdRTUwH914Rd,113
https://drive.google.com/open?id=1WKfmt9ULNF9aTscmiiQhv8xihSn3C4ZT,114
https://drive.google.com/open?id=1_X18qD3APcZmqY0fn8WHrnN63Pw35uxO,115
none,116
https://drive.google.com/open?id=1PWAe4cX_jBZ24rlBAypwRJ9gr3y_VLzr,117
https://drive.google.com/open?id=1X-yHV3xwp5SUjiQ8rwdHRfDihtNLwUvr,118
https://drive.google.com/open?id=1BhUZSS3S-pSfceyrlo1YGnmYbE_2sXdv,119
none,120
none,121
https://drive.google.com/open?id=1LjvBkqlXYE4nfIYcuYD9QZuBrbNU09c0,122
https://drive.google.com/open?id=1gwGn-31OpKTmRvKZMMc-cysp0YjLTWdX,123
none,124
https://drive.google.com/open?id=1tLno-HntxI61rPWVVhmUjfU9bikxOcg4,125
https://drive.google.com/open?id=1-_8gNa6HkWmo9kMr6koTqO0eXOHfy5xR,126
https://drive.google.com/open?id=1xDVLUx_aLEHPeLSEVPCR5YwTHRH_BIPJ,127
https://drive.google.com/open?id=11k1K1K4q4aLn7uZrz2uPGqS8dY-WF70P,128
none,129
none,130
none,131
none,132
https://drive.google.com/open?id=1-xevtAKUrgU08pnySasPtWIrRwGaUIFU,133
none,134
none,135
https://drive.google.com/open?id=1BBGseDDFfHRJeC9_d-euJDcMz43LANG8,136
https://drive.google.com/open?id=1ew3hAifJ0-63_o17i8m0DnkCDJBzAnht,137
none,138
none,139
none,140
https://drive.google.com/open?id=1DVvPeOLjvZ1Qfd5xYuHRe0SaGoIdrOFK,141
https://drive.google.com/open?id=1di-8_oAaL2O66v8-y5EeQX91DfK0WN_M,142
https://drive.google.com/open?id=1M9GRGasyQhT8JisayjmHD9r7DEoZzFb2,143
https://drive.google.com/open?id=1cgZTKJNyWsUfBNRZ724JAO8JZQhACpja,144
https://drive.google.com/open?id=1tLno-HntxI61rPWVVhmUjfU9bikxOcg4,145
https://drive.google.com/open?id=11h_rd2qjD0Fov9DdN2VfL5iIKDt_ofj7,146
https://drive.google.com/open?id=1aUsbRCEU4mj1_Oxp2niEopRI82FJXADy,147
https://drive.google.com/open?id=1tgnU4XvUFko0Uqp7xhE_ZqIPqszz-gxf,148
https://drive.google.com/open?id=1ew3hAifJ0-63_o17i8m0DnkCDJBzAnht,149
none,150
none,151
https://drive.google.com/open?id=1qaMTpSbkmFBrnVAY7ak1e4tm8VGeXpxP,152
none,153
none,154
none,155
none,156
none,157
https://drive.google.com/open?id=1q2iPN1NZV8YT6xGy2temWaHZVEk1Tw8c,158
https://drive.google.com/open?id=1eJ8b1wy9qlPV7MlS7jRwe7sEfBs0uPgr,159
none,160
none,161
https://drive.google.com/open?id=1qKgCG7RQzKNyo4TWH-dF4vk82Mf-olEH,162
https://drive.google.com/open?id=1_WBp_sjPQ4NHwCDCj6tKtyUR3pyjxiH0,163
https://drive.google.com/open?id=1-0kEgQmaEvEUdY97fOdNyn1gQCnbyf2B,164
https://drive.google.com/open?id=1efn-AVQrY3bMHkfkVjeWh766lqW_eXqv,165
https://drive.google.com/open?id=1xX8cIR1RTBqeXWr-2fPRzeX19Ff7H8ce,166
https://drive.google.com/open?id=1iF8SXT0YsMW0fiAbX-i2RWrJzhtKmC5D,167
https://drive.google.com/open?id=1w7QGviHX16D6Kcuk-iNYCqcU6DL_hOAT,168
https://drive.google.com/file/d/1QmT3M-s_XX-Iog8Y5fVWpoHVYfemad55/view,169
none,170
https://drive.google.com/open?id=1PJxFA9ghacFUzdz0NT792jcYkB9enLED,171
https://drive.google.com/open?id=1yIiS_rBLLsYgLjI3CMp6QfV-EfGo9vRp,172
none,173
https://drive.google.com/open?id=18dhTBHLsoyqNXt011xtW-31fUX0C-mlW,174
https://drive.google.com/open?id=1PJxFA9ghacFUzdz0NT792jcYkB9enLED,175
https://drive.google.com/open?id=10iV61b0Ue8YizSPoH80US9MKDYTbaqv4,176
https://drive.google.com/open?id=1f_H4VjC2xjoRRjbhfcOtPXEv4TY4ZJmp,177
https://drive.google.com/open?id=1PzP9oHGZSMkoWhs4fNG5wiO94_eiUHUo,178
https://drive.google.com/open?id=1TNdbSosf1_i478W3xWCfhNmQvYgdWNq8,179
https://drive.google.com/open?id=14jPgKWxbL6Cxm1FTEBYLLgStRYteO3AR,180
none,181
none,182
none,183
none,184
https://drive.google.com/open?id=1oI3hYN0MizPRL3ug58l4nX_i7gO-uT3E,185
https://drive.google.com/open?id=1izngYFkBQ9wnb4fTby4pzdXQREMPJGpf,186
https://drive.google.com/open?id=1yQreRKe7xD0PPW91JLWkRTGMETp2CkP8,187
https://drive.google.com/open?id=1t6VPUsxotPgwwi0MJiJFG12ZlI2ZeWDr,188
none,189
none,190
none,191
none,192
none,193
https://drive.google.com/open?id=1chQGXi3mmwH8aWNQ2k7fgaCFb-OnJ2Os,194
https://drive.google.com/open?id=1EaE4Fzq9AoPHCie_8pCnkHcWbhYRY7MC,195
https://drive.google.com/open?id=1RnJV3P80QxNjr-hP-MK-hu_1xutPfTnu,196
https://drive.google.com/open?id=1YBQd_IiYaRXMftYTEISOPNo9zqgCCS4s,197
https://drive.google.com/open?id=1xX8cIR1RTBqeXWr-2fPRzeX19Ff7H8ce,198
https://drive.google.com/open?id=1nOoCTm193kcgTq5HWl3eLvzhj1yYqe7f,199
https://drive.google.com/open?id=1gMmY7NEx0ZJGXi6PTZzXCBXGaXHqb2t5,200
none,201
https://drive.google.com/open?id=143ISieAiRdaYbvhboZF1igtkXmP1dNss,202
https://drive.google.com/open?id=1xZrnDaWLf5Vfk8WmS9L-p4iwhS4nRK96,203
https://drive.google.com/open?id=1WHpFb3xGhx--b-fcTILP7u_uy5ZAzl2P,204
https://drive.google.com/open?id=1edTPkHcZ1fUy9RUrZUDcV-_d9cy0TESB,205
https://drive.google.com/open?id=1d_iru25Z2me52V537iuXdI2VYiInFKsM,206
https://drive.google.com/open?id=1palcc9r4baiYerC2lLZV-OOrFGwk3auu,207
https://drive.google.com/open?id=1F-qQCi2IKznsxD8xW3Gk4LxDsGUTbyqv,208
none,209
https://drive.google.com/open?id=1LfZZDFnWuDVkyt1PUdJth6AyrlmrQN_K,210
https://drive.google.com/open?id=1LfZZDFnWuDVkyt1PUdJth6AyrlmrQN_K,211
https://drive.google.com/open?id=16rLfCpqwuHQ5g9jrV5sYEjBLBsfMzQCP,212
https://drive.google.com/open?id=1T91t_tei4kmB5nGpWMLSm5dhAYVRCw9L,213
https://drive.google.com/open?id=1vdab8uIXKM5euAmFSxHy_g8O8Yl5TgIr,214
https://drive.google.com/open?id=1-ako_udN_UT4ElxbpQyUBMxPTXfvgwCY,215
https://drive.google.com/open?id=1XxMlUGNfaflfEOnXPe2Cb6mKFwvEwBo2,216
https://drive.google.com/open?id=1bB_vyNg_jeiB6fPjyqiubYcrRZKurtc0,217
https://drive.google.com/open?id=1nDkv487RBeAYBXjdUj3EwLVacO37OYWh,218
https://drive.google.com/open?id=1mXYBdAKgPkjMSGs5Wyc3C6yQEfDylEp4,219
https://drive.google.com/open?id=15TC1x7nuxzkkTt-fWZ3_0saa1gjnCocw,220
https://drive.google.com/open?id=11myUDyUlTcmwQn_QclfpV4zFoPDfU-H6,221
https://drive.google.com/open?id=1XPK0MWQ1pEWZKOG5HSkj7lIPGmP7B07y,222
https://drive.google.com/open?id=1y3-nUsp7Lr5_fdD1xogcZxBBU4F8ASow,223
https://drive.google.com/open?id=1XOeaJV6U_dXYiTokoUaod4dZxy_IHblf,224
none,225
https://drive.google.com/open?id=1jtGtoYNhZSmUnaIoAXso6mpO8S-pPxHp,226
https://drive.google.com/open?id=1YdDANXr7BAWpOfI0xDZsYg6DLAoMaPgU,227
https://drive.google.com/open?id=1C4tUAocYvNTDnIh84s3x7-gtN-T68dbC,228
https://drive.google.com/open?id=1abVJ_MPsu8rUMIsRKqNVeQZ9xd89LmED,229
none,230
https://drive.google.com/open?id=12rJ3gTpYNvf9GFhWuqjwChxVjv02_2ZO,231
https://drive.google.com/open?id=12sSuMITQd-lL6_juJc0vdA76ho8KqSfi,232
none,233
https://drive.google.com/open?id=1VlFaDA0JJLDp4td-lO5EHAADYGKeiVrp,234
https://drive.google.com/open?id=1DhyP6xF3CbAnX2-LyJ7ULKVvgFmBAmpP,235
none,236
https://drive.google.com/open?id=1YObU5ms4y_Dd-OvwACcRAvNgMhjCEyrB,237
https://drive.google.com/open?id=13hv8ymdAyKmrD6Eydk67IkciVSeXUlrS,238
none,239
https://drive.google.com/open?id=1qKuuxhVKWhy5FtmMG0L9vmgRpSe6ir5K,240
https://drive.google.com/open?id=15gtCsChlpSLasGqnOAK6pWq5eNA2ZYdQ,241
https://drive.google.com/open?id=161V2eZ4sStyH4tS81diuna0kjauNrViC,242
https://drive.google.com/open?id=1EYKeFaet5cLKF2FzEc0LDPuhZP50cG5G,243
none,244
none,245
none,246
none,247
none,248
none,249
none,250
none,251
https://drive.google.com/open?id=1HdyXoT78joVAr2y5o5i8pJL30WAfZNpJ,252
https://drive.google.com/open?id=1pYBbu3wFYsxDD3VHh7cwm7r8SImk0lnv,253
none,254
none,255
none,256
https://drive.google.com/open?id=1AwIm8YM9A58U6LZ2lBQQ9fFArG35Gu2R,257
https://drive.google.com/open?id=1q6DB-4N9Q9HMysDdzUv1XPySfVTvJIaG,258
https://drive.google.com/open?id=1c1Xs02dEI3B5swSABgtxWQNovfpvGaxn,259
https://drive.google.com/open?id=1c1Xs02dEI3B5swSABgtxWQNovfpvGaxn,260
https://drive.google.com/open?id=1vkbVtbybWuqj5HHSPj0Vwp6y0oJ2h12Z,261
https://drive.google.com/open?id=1_OMSTWILTG0Y2127R-Rm1RR5CX6Gw68T,262
https://drive.google.com/open?id=1YgfRQEGosi1aDRsod-Iu5KTW1v1Og6m5,263
https://drive.google.com/open?id=1dL1O079aLuTxi8EGghUQYTHdPOtaGk8X,264
https://drive.google.com/open?id=1qKuuxhVKWhy5FtmMG0L9vmgRpSe6ir5K,265
none,266
none,267
https://drive.google.com/open?id=1uVBo8UMKrFbAK5sR2qvAUn-iSMs9ykRC,268
https://drive.google.com/open?id=1OmdIOrG-eUs391JH8EEU9v2KUV-xQFe8,269
none,270
none,271
none,272
https://drive.google.com/open?id=1YFYr14Z8dQ_VzoUKTzPL5NbjDiKjMH_i,273
none,274
none,275
none,276
none,277
https://drive.google.com/open?id=1OUZKHxksTs2x5qWjvtYRyMCITB8aKHQ9,278
https://drive.google.com/open?id=1AfqQoqePqoasnIvV1sAnfqG8pB2fyRkn,279
none,280
none,281
none,282
none,283
none,284
none,285
none,286
none,287
none,288
none,289
none,290
none,291
none,292
none,293
none,294
none,295
none,296
none,297
none,298
none,299
none,300
none,301
none,302
none,303
none,304
none,305
none,306
none,307
none,308
none,309
none,310
none,311
none,312
none,313
none,314
none,315
none,316
none,317
none,318
none,319
none,320
none,321
none,322
none,323
none,324
none,325
none,326
none,327
none,328
none,329
none,330
none,331
none,332
none,333
none,334
none,335
none,336
none,337
none,338
none,339
none,340
none,341
none,342
none,343
none,344
none,345
none,346
none,347
none,348
none,349
none,350
none,351
none,352
none,353
none,354
none,355
none,356
none,357
none,358
none,359
none,360
none,361
none,362
none,363
none,364
none,365
none,366
none,367
none,368
none,369
none,370
none,371
none,372
none,373
none,374
none,375
https://drive.google.com/open?id=1lW-u3__ihvilTrHy_aoGFPthuFp--dPQ,376
none,377
none,378
none,379
none,380
none,381
none,382
none,383
none,384
none,385
none,386
none,387
none,388
none,389
none,390
none,391
none,392
none,393
none,394
none,395
none,396
none,397
none,398
none,399
none,400
none,401
none,402
none,403
none,404
none,405
none,406
none,407
none,408
none,409
none,410
none,411
none,412
none,413
none,414
none,415
none,416
none,417
none,418
none,419
none,420
none,421
none,422
none,423
none,424
none,425
none,426
none,427
none,428
none,429
none,430
none,431
none,432
none,433
none,434
none,435
none,436
none,437
none,438
none,439
none,440
none,441
none,442
none,443
none,444
none,445
none,446
none,447
none,448
none,449
none,450
none,451
none,452
none,453
none,454
none,455
none,456
none,457
none,458
none,459
none,460
none,461
none,462
none,463
none,464
none,465
none,466
none,467
none,468
none,469
none,470
none,471
none,472
none,473
none,474
none,475
none,476
none,477
none,478
none,479
none,480
none,481
none,482
none,483
none,484
none,485
none,486
none,487
none,488
none,489
none,490
none,491
none,492
none,493
none,494
none,495
none,496
none,497
none,498
none,499
none,500
none,501
none,502
none,503
none,504
none,505
none,506
none,507
none,508
none,509
none,510
none,511
none,512
none,513
none,514
none,515
none,516
none,517
none,518
none,519
none,520
none,521
none,522
none,523
none,524
none,525
none,526
none,527
none,528
none,529
none,530
none,531
none,532
none,533
none,534
none,535
none,536
none,537
none,538
none,539
none,540
none,541
none,542
none,543
none,544
none,545
none,546
none,547
none,548
none,549
none,550
none,551
none,552
none,553
none,554
none,555
none,556
none,557
none,558
none,559
none,560
none,561
none,562
none,563
none,564
none,565
none,566
none,567
none,568
none,569
none,570
none,571
none,572
none,573
none,574
none,575
none,576
none,577
none,578
none,579
none,580
none,581
none,582
none,583
none,584
none,585
none,586
none,587
none,588
none,589
none,590
none,591
none,592
none,593
none,594
none,595
none,596
none,597
none,598
none,599
none,600
none,601
none,602
none,603
none,604
none,605
none,606
none,607
none,608
none,609
none,610
none,611
none,612
none,613
none,614
none,615
none,616
none,617
none,618
none,619
none,620
none,621
none,622
none,623
none,624
none,625
none,626
none,627
none,628
none,629
none,630
none,631
none,632
none,633
none,634
none,635
none,636
none,637
none,638
none,639
none,640
none,641
none,642
none,643
none,644
none,645
none,646
none,647
none,648
none,649
none,650
none,651
none,652
https://drive.google.com/open?id=1-EnErbqdu0-z5h-svNW73T9kpUztnM_7,653
none,654
none,655
none,656
none,657
none,658
none,659
none,660
none,661
none,662
none,663
none,664
none,665
none,666
none,667
none,668
none,669
none,670
none,671
none,672
none,673
none,674
none,675
none,676
none,677
none,678
none,679
none,680
none,681
none,682
none,683
none,684
none,685
none,686
none,687
none,688
none,689
none,690
none,691
none,692
none,693
none,694
none,695
none,696
none,697
none,698
none,699
none,700
none,701
none,702
none,703
none,704
none,705
none,706
none,707
none,708
none,709
none,710
none,711
none,712
none,713
none,714
none,715
none,716
none,717
none,718
none,719
none,720
none,721
none,722
none,723
none,724
none,725
none,726
none,727
none,728
none,729
none,730
none,731
none,732
none,733
none,734
none,735
none,736
none,737
none,738
none,739
none,740
none,741
none,742
none,743
none,744
none,745
none,746
none,747
none,748
https://drive.google.com/open?id=1Gmaq_bqDI3_yccrWPgwQ-WMxkiSXzU0Z,749
none,750
none,751
none,752
none,753
none,754
none,755
none,756
none,757
none,758
none,759
none,760
none,761
none,762
none,763
none,764
none,765